scenario,scenario_label,replicate,seed,step,total_output,mean_farmer_profit_before_subsidy,mean_farmer_profit_after_subsidy,mean_farmer_subsidy,avg_environment,avg_quality,share_I,share_O,share_S,clustering_IS
market,Market,1,67,0,247.65581876621914,1.6582524349127117,1.6582524349127117,0.0,0.0,0.5159496224296233,1.0,0.0,0.0,1.0
market,Market,1,67,1,215.11762241698506,2.256766692466033,2.256766692466033,0.0,-0.022300000000000004,0.5155036224296233,0.7325,0.0575,0.21,0.9472140762463344
market,Market,1,67,2,214.64303935962542,2.2426788306950654,2.2426788306950654,0.0,-0.0444,0.5146156224296232,0.73,0.06,0.21,0.9513991163475699
market,Market,1,67,3,215.24087130758636,2.214768780311658,2.214768780311658,0.0,-0.06692499999999998,0.5132771224296232,0.7325,0.065,0.2025,0.9526627218934911
market,Market,1,67,4,214.55217727107637,2.1734723107753644,2.1734723107753644,0.0,-0.08932500000000002,0.5114906224296233,0.73,0.07,0.2,0.9538690476190477
market,Market,1,67,5,214.7811355872325,2.1193256007028793,2.1193256007028793,0.0,-0.11254999999999998,0.5092396224296232,0.7375,0.07,0.1925,0.9433681073025335
market,Market,1,67,6,215.01997297031943,2.053669963342553,2.053669963342553,0.0,-0.13647499999999999,0.5065101224296232,0.7425,0.075,0.1825,0.9292168674698795
market,Market,1,67,7,211.39729360811035,1.9784979594166736,1.9784979594166736,0.0,-0.159175,0.5033266224296233,0.73,0.08,0.19,0.897125567322239
market,Market,1,67,8,205.5583719931799,1.8948737105528939,1.8948737105528939,0.0,-0.17922499999999997,0.49974212242962324,0.7025,0.0925,0.205,0.8819018404907976
market,Market,1,67,9,201.2783111123254,1.8035347963300639,1.8035347963300639,0.0,-0.19817500000000002,0.49577862242962323,0.6925,0.0925,0.215,0.8611111111111112
market,Market,1,67,10,194.99855136266814,1.70404914548351,1.70404914548351,0.0,-0.21479999999999996,0.49148262242962315,0.67,0.0975,0.2325,0.8560250391236307
market,Market,1,67,11,192.35819440733871,1.5971323641201998,1.5971323641201998,0.0,-0.23037499999999994,0.4868751224296232,0.655,0.1175,0.2275,0.8502415458937198
market,Market,1,67,12,185.78054505287747,1.4869767841064012,1.4869767841064012,0.0,-0.24309999999999996,0.4820131224296232,0.625,0.1325,0.2425,0.8327759197324415
market,Market,1,67,13,176.67811003032475,1.3766431936082122,1.3766431936082122,0.0,-0.25127499999999997,0.47698762242962317,0.5775,0.155,0.2675,0.8263888888888888
market,Market,1,67,14,167.49513680518413,1.2655776141006487,1.2655776141006487,0.0,-0.25575,0.4718726224296232,0.5425,0.16,0.2975,0.8237347294938918
market,Market,1,67,15,156.60248232335522,1.156894062787187,1.156894062787187,0.0,-0.25634999999999997,0.46674562242962325,0.51,0.15,0.34,0.814625850340136
market,Market,1,67,16,146.52149529102437,1.0513540258905751,1.0513540258905751,0.0,-0.253225,0.4616811224296232,0.4775,0.145,0.3775,0.8189509306260575
market,Market,1,67,17,142.88244369739797,0.9553007301641913,0.9553007301641913,0.0,-0.25112500000000004,0.4566586224296232,0.475,0.14,0.385,0.8060200668896321
market,Market,1,67,18,131.02653254953728,0.868386573649046,0.868386573649046,0.0,-0.24675000000000005,0.4517236224296232,0.43,0.1375,0.4325,0.7936772046589018
market,Market,1,67,19,124.19637360269121,0.7870643435532476,0.7870643435532476,0.0,-0.24007500000000004,0.4469221224296232,0.41,0.1325,0.4575,0.8013355592654424
market,Market,1,67,20,117.9492247292896,0.7183484698310422,0.7183484698310422,0.0,-0.23207500000000003,0.4422806224296232,0.41,0.1025,0.4875,0.8108108108108109
market,Market,1,67,21,107.36896925435364,0.6606788104492963,0.6606788104492963,0.0,-0.2109,0.4380626224296232,0.38,0.0825,0.5375,0.8018433179723502
market,Market,1,67,22,105.53215669957778,0.614285610048038,0.614285610048038,0.0,-0.19019999999999995,0.4342586224296231,0.38,0.0775,0.5425,0.801829268292683
market,Market,1,67,23,103.09669160650888,0.5805350655051865,0.5805350655051865,0.0,-0.16907499999999998,0.43087712242962317,0.37,0.08,0.55,0.8076923076923077
market,Market,1,67,24,100.04519598682843,0.5538672241341444,0.5538672241341444,0.0,-0.147725,0.42792262242962326,0.3675,0.0675,0.565,0.812220566318927
market,Market,1,67,25,99.21161949587815,0.536652967232469,0.536652967232469,0.0,-0.127125,0.4253801224296232,0.36,0.075,0.565,0.8144796380090498
policy_conversion,Policy: conversion subsidy,1,67,0,247.65581876621914,1.6582524349127117,1.6582524349127117,0.0,0.0,0.5159496224296233,1.0,0.0,0.0,1.0
policy_conversion,Policy: conversion subsidy,1,67,1,198.68547149802185,1.9812449874007991,2.6719116540674657,0.6906666666666668,0.014175,0.5162331224296232,0.24,0.6475,0.1125,1.0
policy_conversion,Policy: conversion subsidy,1,67,2,198.52531387927405,1.979488691124357,2.6728220244576897,0.6933333333333334,0.028550000000000006,0.5168041224296233,0.2375,0.65,0.1125,1.0
policy_conversion,Policy: conversion subsidy,1,67,3,198.39352733060028,1.978713430701257,2.6747134307012557,0.696,0.04312499999999998,0.5176666224296232,0.235,0.6525,0.1125,1.0
policy_conversion,Policy: conversion subsidy,1,67,4,217.1893947055865,2.259172118232853,2.267172118232853,0.008,0.019925,0.5180651224296233,0.74,0.06,0.2,0.9499263622974963
policy_conversion,Policy: conversion subsidy,1,67,5,186.69238204626959,2.0022243259525583,2.5515576592858924,0.5493333333333333,0.03670000000000001,0.5187991224296232,0.2375,0.57,0.1925,1.0
policy_conversion,Policy: conversion subsidy,1,67,6,186.7447971241747,1.981633685900701,2.5469670192340343,0.5653333333333335,0.053724999999999995,0.5198736224296232,0.2325,0.58,0.1875,0.9846743295019157
policy_conversion,Policy: conversion subsidy,1,67,7,189.8405213194972,1.9726903510302216,2.5486903510302215,0.5760000000000001,0.069425,0.5212621224296232,0.2425,0.5875,0.17,0.9757085020242915
policy_conversion,Policy: conversion subsidy,1,67,8,224.32710772939734,2.22225924584609,2.2862592458460904,0.064,0.04452500000000002,0.5221526224296232,0.7425,0.1075,0.15,0.9788961038961039
policy_conversion,Policy: conversion subsidy,1,67,9,194.09682920237213,1.9464908487265598,2.56249084872656,0.616,0.059125000000000025,0.5233351224296233,0.245,0.615,0.14,0.9741379310344828
policy_conversion,Policy: conversion subsidy,1,67,10,193.69827039639435,1.9157599821131124,2.566426648779779,0.6506666666666667,0.07542500000000003,0.5248436224296233,0.22,0.65,0.13,0.9904761904761905
policy_conversion,Policy: conversion subsidy,1,67,11,193.92023925197554,1.8991433677807272,2.555143367780727,0.6560000000000001,0.09145000000000005,0.5266726224296232,0.2225,0.65,0.1275,0.9753694581280788
policy_conversion,Policy: conversion subsidy,1,67,12,228.2064454235829,2.1578162696832814,2.3071496030166148,0.14933333333333335,0.06715000000000003,0.5280156224296232,0.72,0.17,0.11,0.9853211009174312
policy_conversion,Policy: conversion subsidy,1,67,13,198.4728851121406,1.8766957327476983,2.562029066081032,0.6853333333333335,0.08167500000000005,0.5296491224296233,0.23,0.6725,0.0975,0.9709302325581395
policy_conversion,Policy: conversion subsidy,1,67,14,196.96513738878687,1.8581194232586897,2.5754527565920236,0.7173333333333333,0.09800000000000005,0.5316091224296232,0.2075,0.695,0.0975,1.0
policy_conversion,Policy: conversion subsidy,1,67,15,196.80368954726973,1.8447431446277978,2.570076477961131,0.7253333333333334,0.11465000000000007,0.5339021224296232,0.2025,0.7025,0.095,0.9784172661870504
policy_conversion,Policy: conversion subsidy,1,67,16,230.08740901882177,2.1272001161504988,2.3432001161504985,0.21600000000000005,0.0920000000000001,0.5357421224296232,0.69,0.225,0.085,0.9878542510121457
policy_conversion,Policy: conversion subsidy,1,67,17,201.50852374290886,1.8372441507935873,2.5705774841269204,0.7333333333333336,0.10472500000000001,0.5378366224296233,0.225,0.7025,0.0725,0.9461538461538461
policy_conversion,Policy: conversion subsidy,1,67,18,199.36485528586965,1.8120544152672053,2.6040544152672056,0.792,0.11835000000000002,0.5402036224296232,0.1775,0.755,0.0675,0.9595959595959596
policy_conversion,Policy: conversion subsidy,1,67,19,198.51338330164668,1.8009872536050866,2.6169872536050867,0.8160000000000001,0.13345,0.5428726224296233,0.1575,0.7775,0.065,0.975609756097561
policy_conversion,Policy: conversion subsidy,1,67,20,231.2667552314853,2.1210200082222266,2.4410200082222264,0.3200000000000001,0.11077500000000008,0.5450881224296232,0.6325,0.3075,0.06,0.9835680751173709
policy_conversion,Policy: conversion subsidy,1,67,21,205.00995355974018,1.861924451756511,2.6352577850898444,0.7733333333333333,0.12350000000000005,0.5475581224296233,0.2175,0.73,0.0525,0.9306930693069307
policy_conversion,Policy: conversion subsidy,1,67,22,203.83197323843976,1.8587381620281147,2.680071495361447,0.8213333333333335,0.139175,0.5503416224296233,0.18,0.7725,0.0475,0.922077922077922
policy_conversion,Policy: conversion subsidy,1,67,23,206.48333364560975,1.892801521540309,2.714134854873642,0.8213333333333335,0.15395000000000006,0.5534206224296233,0.1875,0.775,0.0375,0.9344262295081968
policy_conversion,Policy: conversion subsidy,1,67,24,237.48030580010237,2.2323122848210915,2.6056456181544254,0.3733333333333334,0.13412500000000008,0.5561031224296233,0.6175,0.35,0.0325,0.9844961240310077
policy_conversion,Policy: conversion subsidy,1,67,25,214.3593524479345,2.0161628202286535,2.7708294868953214,0.7546666666666667,0.14250000000000004,0.5589531224296234,0.2625,0.7075,0.03,0.9782608695652174
policy_results,Policy: results subsidy,1,67,0,247.65581876621914,1.6582524349127117,1.6582524349127117,0.0,0.0,0.5159496224296233,1.0,0.0,0.0,1.0
policy_results,Policy: results subsidy,1,67,1,214.0240831671332,2.2566352060792463,2.272395206079246,0.01576,-0.021225000000000004,0.5155251224296232,0.72,0.0675,0.2125,0.9494799405646359
policy_results,Policy: results subsidy,1,67,2,213.6930631671332,2.242829206079245,2.274349206079246,0.03152,-0.04245000000000001,0.5146761224296232,0.72,0.0675,0.2125,0.9494799405646359
policy_results,Policy: results subsidy,1,67,3,213.0310231671332,2.215217206079245,2.262497206079246,0.04728,-0.063675,0.5134026224296232,0.72,0.0675,0.2125,0.9494799405646359
policy_results,Policy: results subsidy,1,67,4,212.85134224030756,2.1747679991888074,2.237061332522141,0.06229333333333334,-0.08505000000000001,0.5117016224296232,0.72,0.0725,0.2075,0.9506726457399103
policy_results,Policy: results subsidy,1,67,5,212.37792652036384,2.122364551297541,2.1987112179642074,0.07634666666666669,-0.106575,0.5095701224296232,0.72,0.0775,0.2025,0.9487951807228916
policy_results,Policy: results subsidy,1,67,6,211.05666617647773,2.058379358576311,2.1478193585763106,0.08944,-0.12744999999999998,0.5070211224296233,0.71,0.0925,0.1975,0.9367283950617284
policy_results,Policy: results subsidy,1,67,7,209.03950786135275,1.9865164125851194,2.0868097459184525,0.10029333333333333,-0.14740000000000003,0.5040731224296232,0.6975,0.1075,0.195,0.892018779342723
policy_results,Policy: results subsidy,1,67,8,205.9691252302351,1.90755482375681,2.0168881570901425,0.10933333333333331,-0.16659999999999997,0.5007411224296232,0.69,0.11,0.2,0.8939873417721519
policy_results,Policy: results subsidy,1,67,9,200.62050452184752,1.8211639597281077,1.938283959728108,0.11712000000000002,-0.18395,0.4970621224296232,0.6725,0.1125,0.215,0.8678343949044586
policy_results,Policy: results subsidy,1,67,10,195.9291326651479,1.7270486485459062,1.8511286485459062,0.12408000000000002,-0.20012499999999997,0.49305962242962326,0.6625,0.11,0.2275,0.8564593301435407
policy_results,Policy: results subsidy,1,67,11,193.30957698950343,1.6266124055012112,1.7556790721678779,0.12906666666666664,-0.21557499999999993,0.48874812242962323,0.6525,0.1225,0.225,0.8476499189627229
policy_results,Policy: results subsidy,1,67,12,184.69428466467167,1.5224998939526004,1.6571132272859341,0.13461333333333336,-0.22739999999999994,0.4842001224296231,0.6175,0.13,0.2525,0.8253706754530478
policy_results,Policy: results subsidy,1,67,13,177.74595706891,1.4194604638531623,1.5581804638531622,0.13872000000000007,-0.2361,0.4794781224296231,0.585,0.145,0.27,0.8151260504201681
policy_results,Policy: results subsidy,1,67,14,168.12964566048544,1.3152450342081405,1.4591917008748072,0.14394666666666672,-0.24114999999999998,0.4746551224296232,0.5525,0.1425,0.305,0.8190954773869347
policy_results,Policy: results subsidy,1,67,15,161.0194693980152,1.2111285239770169,1.3603018573103502,0.14917333333333344,-0.24392499999999998,0.46977662242962326,0.5325,0.14,0.3275,0.8089700996677741
policy_results,Policy: results subsidy,1,67,16,150.79307758925222,1.1105087751561533,1.2649087751561534,0.15440000000000004,-0.24309999999999996,0.4649146224296232,0.5025,0.13,0.3675,0.8108552631578947
policy_results,Policy: results subsidy,1,67,17,142.17867950397905,1.017343278022744,1.1754499446894109,0.15810666666666673,-0.2407500000000001,0.46009962242962316,0.4775,0.1225,0.4,0.8246753246753247
policy_results,Policy: results subsidy,1,67,18,139.85818359556256,0.9357568493907867,1.0919168493907867,0.15616000000000002,-0.24160000000000004,0.4552676224296232,0.485,0.11,0.405,0.8069620253164557
policy_results,Policy: results subsidy,1,67,19,128.4949746971112,0.8556292223076013,1.0109625556409345,0.15533333333333335,-0.23740000000000006,0.4505196224296232,0.4375,0.1125,0.45,0.7996794871794872
policy_results,Policy: results subsidy,1,67,20,120.24237939112568,0.7876377525234516,0.9413444191901181,0.15370666666666663,-0.23132499999999998,0.4458931224296232,0.435,0.0725,0.4925,0.812874251497006
policy_results,Policy: results subsidy,1,67,21,115.20480094936494,0.731028021446178,0.8841480214461779,0.15311999999999998,-0.21430000000000005,0.4416071224296232,0.4225,0.065,0.5125,0.8204747774480712
policy_results,Policy: results subsidy,1,67,22,107.11663729333715,0.6828127397100449,0.8360927397100449,0.15328000000000003,-0.19445,0.4377181224296232,0.3925,0.06,0.5475,0.8132352941176471
policy_results,Policy: results subsidy,1,67,23,107.33330113906064,0.649568665990292,0.8026086659902919,0.15303999999999995,-0.17469999999999997,0.4342241224296232,0.3825,0.08,0.5375,0.816793893129771
policy_results,Policy: results subsidy,1,67,24,103.75757061715035,0.6227960379617671,0.7767693712951002,0.15397333333333332,-0.15452499999999997,0.43113362242962316,0.3775,0.0675,0.555,0.8137108792846498
policy_results,Policy: results subsidy,1,67,25,95.91335031427943,0.6041426827752271,0.7624360161085605,0.15829333333333337,-0.13172499999999995,0.4284991224296232,0.34,0.07,0.59,0.8042168674698795
market,Market,2,68,0,193.03723450812643,-0.5895520914104683,-0.5895520914104683,0.0,0.0,0.4021609052252634,1.0,0.0,0.0,1.0
market,Market,2,68,1,109.53763443292166,0.9269183301593477,0.9269183301593477,0.0,0.016475,0.4024904052252634,0.38,0.0575,0.5625,0.924198250728863
market,Market,2,68,2,108.68853614254535,0.9198645332537867,0.9198645332537867,0.0,0.033424999999999996,0.4031589052252634,0.375,0.06,0.565,0.9282576866764275
market,Market,2,68,3,109.38927077955418,0.9060504285867912,0.9060504285867912,0.0,0.04982499999999998,0.40415540522526344,0.38,0.06,0.56,0.9237536656891495
market,Market,2,68,4,111.63005495528385,0.8857758674346433,0.8857758674346433,0.0,0.065175,0.4054589052252634,0.3875,0.0675,0.545,0.9196428571428571
market,Market,2,68,5,112.96165261252705,0.8608791708105865,0.8608791708105865,0.0,0.07962499999999999,0.4070514052252634,0.395,0.07,0.535,0.9147982062780269
market,Market,2,68,6,114.81477843577754,0.8316823309451815,0.8316823309451815,0.0,0.09269999999999999,0.4089054052252634,0.4075,0.07,0.5225,0.8956780923994039
market,Market,2,68,7,112.27286260824573,0.7995350615515413,0.7995350615515413,0.0,0.10732499999999998,0.4110519052252634,0.39,0.0825,0.5275,0.8610687022900764
market,Market,2,68,8,115.19368924619376,0.7665667588480826,0.7665667588480826,0.0,0.1195,0.4134419052252635,0.415,0.0725,0.5125,0.8273273273273273
market,Market,2,68,9,121.98655602078895,0.7348442916422865,0.7348442916422865,0.0,0.12775000000000003,0.41599690522526345,0.45,0.075,0.475,0.8150375939849624
market,Market,2,68,10,127.21347979672034,0.707307564899289,0.707307564899289,0.0,0.13362500000000005,0.4186694052252634,0.4675,0.09,0.4425,0.8129829984544049
market,Market,2,68,11,126.57711508808272,0.6846374136055147,0.6846374136055147,0.0,0.1395000000000001,0.42145940522526343,0.4675,0.09,0.4425,0.7972136222910217
market,Market,2,68,12,128.94909633352665,0.6662202027072329,0.6662202027072329,0.0,0.1441250000000001,0.4243419052252634,0.4775,0.095,0.4275,0.7984375
market,Market,2,68,13,128.946551221214,0.6531037802852707,0.6531037802852707,0.0,0.14920000000000008,0.4273259052252634,0.47,0.1075,0.4225,0.8089171974522293
market,Market,2,68,14,132.25586010408816,0.647034806352394,0.647034806352394,0.0,0.15170000000000008,0.43035990522526346,0.4975,0.0925,0.41,0.8102643856920684
market,Market,2,68,15,132.73191779622232,0.6498346606735843,0.6498346606735843,0.0,0.15360000000000007,0.4334319052252634,0.505,0.085,0.41,0.8003072196620584
market,Market,2,68,16,132.04236504585774,0.6588179111140084,0.6588179111140084,0.0,0.15585000000000007,0.43654890522526346,0.5025,0.0825,0.415,0.8082191780821918
market,Market,2,68,17,140.62246663080535,0.6701726051281764,0.6701726051281764,0.0,0.15040000000000003,0.4395569052252634,0.5425,0.0825,0.375,0.8076335877862595
market,Market,2,68,18,137.39352681109563,0.6859842850916518,0.6859842850916518,0.0,0.141675,0.4423904052252634,0.5175,0.0925,0.39,0.7981366459627329
market,Market,2,68,19,135.87447786548756,0.7099841967823987,0.7099841967823987,0.0,0.13335,0.4450574052252634,0.525,0.0675,0.4075,0.7979197622585439
market,Market,2,68,20,136.75577156151627,0.7380189157767489,0.7380189157767489,0.0,0.12475000000000001,0.4475524052252634,0.5425,0.045,0.4125,0.8097281831187411
market,Market,2,68,21,134.6490774401867,0.7703649312191595,0.7703649312191595,0.0,0.12050000000000002,0.4499624052252635,0.5375,0.0325,0.43,0.7966573816155988
market,Market,2,68,22,138.64841533426758,0.8055161878347178,0.8055161878347178,0.0,0.11452500000000003,0.45225290522526346,0.5525,0.0325,0.415,0.803072625698324
market,Market,2,68,23,140.28873319701594,0.8381393158928446,0.8381393158928446,0.0,0.10942500000000002,0.4544414052252634,0.5475,0.045,0.4075,0.8115107913669065
market,Market,2,68,24,143.84285502238987,0.8674981909999949,0.8674981909999949,0.0,0.10317500000000003,0.4565049052252634,0.565,0.04,0.395,0.818830242510699
market,Market,2,68,25,144.38338453640168,0.8991385308520845,0.8991385308520845,0.0,0.09745000000000001,0.4584539052252634,0.5625,0.0425,0.395,0.7757142857142857
policy_conversion,Policy: conversion subsidy,2,68,0,193.03723450812643,-0.5895520914104683,-0.5895520914104683,0.0,0.0,0.4021609052252634,1.0,0.0,0.0,1.0
policy_conversion,Policy: conversion subsidy,2,68,1,119.68275343835533,0.643922643588032,1.259922643588032,0.616,0.035525,0.40287140522526343,0.065,0.5775,0.3575,1.0
policy_conversion,Policy: conversion subsidy,2,68,2,119.59589827233691,0.6450491039412817,1.2637157706079483,0.6186666666666666,0.07125000000000001,0.4042964052252634,0.0625,0.58,0.3575,1.0
policy_conversion,Policy: conversion subsidy,2,68,3,119.7850182723369,0.6526984372746146,1.2713651039412812,0.6186666666666666,0.106975,0.4064359052252634,0.0625,0.58,0.3575,1.0
policy_conversion,Policy: conversion subsidy,2,68,4,111.30669699533433,0.9399910701736037,0.9453244035069371,0.005333333333333333,0.12282499999999999,0.40889240522526343,0.385,0.06,0.555,0.9192364170337739
policy_conversion,Policy: conversion subsidy,2,68,5,94.01299769265907,0.7824723708555005,1.1264723708555004,0.34400000000000003,0.16297499999999998,0.4121519052252634,0.0775,0.3775,0.545,0.9784688995215312
policy_conversion,Policy: conversion subsidy,2,68,6,97.26463345910872,0.782786663408167,1.1401199967415003,0.35733333333333334,0.202325,0.41619840522526347,0.08,0.395,0.525,0.9751243781094527
policy_conversion,Policy: conversion subsidy,2,68,7,101.1088164621903,0.7813284891126131,1.1599951557792798,0.37866666666666665,0.24060000000000004,0.42101040522526345,0.085,0.4125,0.5025,0.9541984732824428
policy_conversion,Policy: conversion subsidy,2,68,8,124.04441085292632,0.9547366464621984,1.0240699797955315,0.06933333333333334,0.2534,0.42607840522526347,0.395,0.125,0.48,0.9496644295302014
policy_conversion,Policy: conversion subsidy,2,68,9,109.51289383029129,0.7903177017532727,1.2116510350866063,0.42133333333333334,0.28925000000000006,0.43186340522526345,0.0975,0.4475,0.455,0.9194444444444444
policy_conversion,Policy: conversion subsidy,2,68,10,120.75932926320067,0.8056695017972505,1.2536695017972503,0.448,0.3209,0.4382814052252634,0.1275,0.4775,0.395,0.9066265060240963
policy_conversion,Policy: conversion subsidy,2,68,11,129.32117370937516,0.8129220907918875,1.3142554241252207,0.5013333333333334,0.3508500000000001,0.4452984052252635,0.13,0.525,0.345,0.9090909090909091
policy_conversion,Policy: conversion subsidy,2,68,12,155.77239324116945,1.0195311302427796,1.248864463576113,0.22933333333333333,0.3560500000000002,0.45241940522526347,0.4225,0.2775,0.3,0.9452954048140044
policy_conversion,Policy: conversion subsidy,2,68,13,141.7349238062024,0.882644501866726,1.461311168533393,0.5786666666666668,0.3850250000000001,0.46011990522526347,0.115,0.6125,0.2725,0.926605504587156
policy_conversion,Policy: conversion subsidy,2,68,14,151.5055932551492,0.9583126643987463,1.5236459977320795,0.5653333333333335,0.40875000000000006,0.4682949052252634,0.1675,0.595,0.2375,0.9111111111111111
policy_conversion,Policy: conversion subsidy,2,68,15,159.80998576950955,1.0158525112924284,1.6131858446257616,0.5973333333333334,0.4301500000000001,0.47689790522526343,0.1825,0.6175,0.2,0.9010416666666666
policy_conversion,Policy: conversion subsidy,2,68,16,179.09060289196486,1.259486563695295,1.6088198970286285,0.34933333333333333,0.43152500000000016,0.48552840522526336,0.43,0.3775,0.1925,0.9890710382513661
policy_conversion,Policy: conversion subsidy,2,68,17,167.53586696744208,1.1499101377977405,1.8299101377977414,0.6799999999999999,0.45057500000000006,0.4945399052252634,0.1575,0.6775,0.165,0.9333333333333333
policy_conversion,Policy: conversion subsidy,2,68,18,175.45827155648965,1.2773002822119486,1.9359669488786155,0.6586666666666667,0.4599000000000001,0.5037379052252634,0.2,0.655,0.145,0.9272727272727272
policy_conversion,Policy: conversion subsidy,2,68,19,181.09180799833254,1.3712354808181044,2.0379021474847714,0.6666666666666666,0.467725,0.5130924052252634,0.22,0.6475,0.1325,0.9477124183006536
policy_conversion,Policy: conversion subsidy,2,68,20,201.55255587518587,1.6506195556332803,2.085286222299947,0.4346666666666668,0.45690000000000014,0.5222304052252634,0.4575,0.425,0.1175,0.98125
policy_conversion,Policy: conversion subsidy,2,68,21,192.1112144798062,1.614269588616112,2.2996029219494454,0.6853333333333335,0.4642000000000001,0.5315144052252635,0.245,0.65,0.105,0.9155844155844156
policy_conversion,Policy: conversion subsidy,2,68,22,197.05392312700846,1.7670538789688812,2.4390538789688816,0.672,0.4703750000000001,0.5409219052252634,0.2625,0.6375,0.1,0.9759036144578314
policy_conversion,Policy: conversion subsidy,2,68,23,206.73879221026482,1.929553862923371,2.5428871962567046,0.6133333333333333,0.4709750000000001,0.5503414052252634,0.33,0.585,0.085,0.9738219895287958
policy_conversion,Policy: conversion subsidy,2,68,24,225.34674922130546,2.2164717327932433,2.6191383994599104,0.4026666666666668,0.4545000000000002,0.5594314052252635,0.5425,0.3825,0.075,0.9774647887323944
policy_conversion,Policy: conversion subsidy,2,68,25,217.32204189615086,2.2152627350483916,2.8259294017150585,0.6106666666666667,0.45377500000000004,0.5685069052252635,0.355,0.5775,0.0675,0.9595959595959596
policy_results,Policy: results subsidy,2,68,0,193.03723450812643,-0.5895520914104683,-0.5895520914104683,0.0,0.0,0.4021609052252634,1.0,0.0,0.0,1.0
policy_results,Policy: results subsidy,2,68,1,108.20487234742157,0.9268111263490213,0.9651311263490208,0.03832,0.017424999999999996,0.4025094052252635,0.37,0.0625,0.5675,0.9278350515463918
policy_results,Policy: results subsidy,2,68,2,108.04077234742158,0.9199611263490212,0.9966011263490219,0.07664,0.03484999999999999,0.4032064052252634,0.37,0.0625,0.5675,0.9278350515463918
policy_results,Policy: results subsidy,2,68,3,107.71257234742158,0.9062611263490211,1.0212211263490214,0.11496,0.05227499999999998,0.40425190522526344,0.37,0.0625,0.5675,0.9278350515463918
policy_results,Policy: results subsidy,2,68,4,108.30372802625078,0.8868151599910835,1.0392151599910835,0.1524,0.06914999999999999,0.40563490522526335,0.375,0.0625,0.5625,0.9234167893961709
policy_results,Policy: results subsidy,2,68,5,108.58262798853501,0.8627811514786843,1.0512078181453506,0.18842666666666677,0.0862,0.4073589052252634,0.37,0.075,0.555,0.9215686274509803
policy_results,Policy: results subsidy,2,68,6,110.01943587814287,0.8359676758785665,1.0578610092119003,0.22189333333333336,0.10215,0.40940190522526343,0.38,0.075,0.545,0.9064856711915535
policy_results,Policy: results subsidy,2,68,7,111.20588704571796,0.807807773902384,1.0607411072357171,0.25293333333333334,0.117725,0.4117564052252634,0.38,0.0875,0.5325,0.8876923076923077
policy_results,Policy: results subsidy,2,68,8,113.0994820647935,0.7781682339170726,1.0599549005837388,0.28178666666666674,0.13192500000000001,0.4143949052252634,0.3925,0.0875,0.52,0.8573619631901841
policy_results,Policy: results subsidy,2,68,9,117.6951927318048,0.7515671518645228,1.0574071518645232,0.30583999999999995,0.14317500000000002,0.4172584052252634,0.42,0.085,0.495,0.8216463414634146
policy_results,Policy: results subsidy,2,68,10,123.84586542095172,0.729884527511098,1.0548445275110983,0.3249600000000001,0.15137500000000007,0.42028590522526343,0.445,0.095,0.46,0.8098918083462133
policy_results,Policy: results subsidy,2,68,11,126.86918185458104,0.7149561459923993,1.0547428126590659,0.33978666666666657,0.1578500000000001,0.42344290522526346,0.46,0.0975,0.4425,0.796875
policy_results,Policy: results subsidy,2,68,12,127.47513242476236,0.7032221579464486,1.0568221579464492,0.35360000000000014,0.1639750000000001,0.4267224052252634,0.4625,0.1,0.4375,0.7990580847723705
policy_results,Policy: results subsidy,2,68,13,130.01378576304936,0.6997238523809994,1.0623638523809997,0.3626400000000002,0.1690500000000001,0.4301034052252634,0.47,0.1075,0.4225,0.8063492063492064
policy_results,Policy: results subsidy,2,68,14,131.0164712653393,0.7005055462132084,1.0708788795465414,0.3703733333333334,0.17377500000000012,0.4335789052252634,0.4725,0.11,0.4175,0.8144
policy_results,Policy: results subsidy,2,68,15,135.02483949019532,0.7114560199364305,1.0844426866030967,0.3729866666666668,0.17585000000000012,0.4370959052252634,0.5,0.0975,0.4025,0.8137715179968701
policy_results,Policy: results subsidy,2,68,16,137.21711444088294,0.7303790100914112,1.1033923434247452,0.37301333333333353,0.1763750000000001,0.4406234052252634,0.5175,0.085,0.3975,0.815267175572519
policy_results,Policy: results subsidy,2,68,17,139.9177630303132,0.7492878769957501,1.1170745436624174,0.36778666666666676,0.17167500000000005,0.4440569052252634,0.5375,0.0725,0.39,0.8176382660687593
policy_results,Policy: results subsidy,2,68,18,145.80942114570087,0.7731422432569123,1.1267422432569125,0.3536000000000001,0.15860000000000002,0.44722890522526343,0.5575,0.08,0.3625,0.8260211800302572
policy_results,Policy: results subsidy,2,68,19,137.69753610296868,0.8033272730032632,1.144207273003263,0.3408800000000001,0.151075,0.4502504052252634,0.5125,0.0825,0.405,0.8127853881278538
policy_results,Policy: results subsidy,2,68,20,139.16933860223685,0.8402773233416975,1.1669439900083642,0.3266666666666669,0.14195000000000002,0.4530894052252634,0.5425,0.045,0.4125,0.8101983002832861
policy_results,Policy: results subsidy,2,68,21,141.78752211570674,0.8806368185397234,1.1949301518730566,0.3142933333333334,0.13505000000000003,0.45579040522526343,0.5575,0.035,0.4075,0.8218793828892006
policy_results,Policy: results subsidy,2,68,22,139.4485443479882,0.9218678511242132,1.223387851124213,0.30152000000000007,0.12945,0.45837940522526344,0.5525,0.02,0.4275,0.8068027210884354
policy_results,Policy: results subsidy,2,68,23,146.055251076467,0.9632852155768685,1.253258548910202,0.28997333333333347,0.12210000000000003,0.46082140522526344,0.57,0.0325,0.3975,0.8041958041958042
policy_results,Policy: results subsidy,2,68,24,149.44532653126126,1.0001523326141943,1.2770589992808612,0.27690666666666675,0.113,0.4630814052252634,0.595,0.015,0.39,0.8073270013568521
policy_results,Policy: results subsidy,2,68,25,150.64781806616776,1.0345961641825732,1.3014761641825736,0.26688000000000006,0.10482500000000002,0.4651779052252634,0.5875,0.0275,0.385,0.7921896792189679
market,Market,3,69,0,165.3778163604014,-1.8138875599053732,-1.8138875599053732,0.0,0.0,0.3445371174175029,1.0,0.0,0.0,1.0
market,Market,3,69,1,90.12775820947678,0.8466431165316031,0.8466431165316031,0.0,0.026825,0.34507361741750286,0.2825,0.07,0.6475,0.9615384615384616
market,Market,3,69,2,90.0072782094768,0.841609116531603,0.841609116531603,0.0,0.05365,0.3461466174175029,0.2825,0.07,0.6475,0.9615384615384616
market,Market,3,69,3,90.52792212093688,0.8319354608575833,0.8319354608575833,0.0,0.080325,0.34775311741750287,0.2825,0.075,0.6425,0.9554896142433235
market,Market,3,69,4,91.19212322478703,0.8180358780767866,0.8180358780767866,0.0,0.106975,0.3498926174175029,0.28,0.085,0.635,0.9550224887556222
market,Market,3,69,5,91.9691195374032,0.800476975900287,0.800476975900287,0.0,0.132875,0.352550117417503,0.2875,0.0825,0.63,0.9535232383808095
market,Market,3,69,6,91.08890556375822,0.7791956507691756,0.7791956507691756,0.0,0.15885,0.3557271174175029,0.2875,0.08,0.6325,0.945619335347432
market,Market,3,69,7,92.97600159967111,0.755282210950225,0.755282210950225,0.0,0.18364999999999998,0.3594001174175029,0.2975,0.0825,0.62,0.9498480243161094
market,Market,3,69,8,93.4499563704784,0.7296791280943176,0.7296791280943176,0.0,0.20790000000000003,0.3635581174175029,0.3025,0.0825,0.615,0.9270516717325228
market,Market,3,69,9,94.1468203102234,0.7032936293996749,0.7032936293996749,0.0,0.23067500000000002,0.3681716174175029,0.32,0.0675,0.6125,0.8992592592592593
market,Market,3,69,10,93.59799128451813,0.6760261939264716,0.6760261939264716,0.0,0.25377500000000003,0.37324711741750294,0.315,0.075,0.61,0.8791044776119403
market,Market,3,69,11,92.66247522026627,0.6480424263054905,0.6480424263054905,0.0,0.27727500000000016,0.3787926174175029,0.31,0.08,0.61,0.8810240963855421
market,Market,3,69,12,94.20294495142647,0.6226478105846482,0.6226478105846482,0.0,0.3000000000000001,0.38479261741750287,0.315,0.0875,0.5975,0.8704268292682927
market,Market,3,69,13,93.9591297109448,0.5994616382152198,0.5994616382152198,0.0,0.32232500000000014,0.3912391174175029,0.32,0.0825,0.5975,0.8712121212121212
market,Market,3,69,14,98.50481554084503,0.5791693189030244,0.5791693189030244,0.0,0.3417750000000001,0.3980746174175029,0.3475,0.0775,0.575,0.8586466165413534
market,Market,3,69,15,98.79009461664569,0.5684583017992845,0.5684583017992845,0.0,0.36147500000000016,0.40530411741750283,0.3425,0.0875,0.57,0.8558282208588958
market,Market,3,69,16,100.73537736732563,0.5656281478875808,0.5656281478875808,0.0,0.38112500000000016,0.4129266174175029,0.3375,0.1075,0.555,0.8683788121990369
market,Market,3,69,17,106.65789225089158,0.5738226859786529,0.5738226859786529,0.0,0.3893750000000001,0.42071411741750286,0.3725,0.0975,0.53,0.8643533123028391
market,Market,3,69,18,106.53314982961618,0.5914223089797843,0.5914223089797843,0.0,0.38205,0.42835511741750293,0.3825,0.08,0.5375,0.8584474885844748
market,Market,3,69,19,114.9812050424046,0.6204675525484703,0.6204675525484703,0.0,0.37265,0.43580811741750297,0.425,0.0725,0.5025,0.8558558558558559
market,Market,3,69,20,121.24854212472255,0.660750431435204,0.660750431435204,0.0,0.36310000000000003,0.44307011741750296,0.4375,0.09,0.4725,0.8573619631901841
market,Market,3,69,21,127.46347713216835,0.7090690784777945,0.7090690784777945,0.0,0.35615,0.45019311741750295,0.46,0.0925,0.4475,0.8520801232665639
market,Market,3,69,22,137.58101679698729,0.7717137928145612,0.7717137928145612,0.0,0.34590000000000004,0.45711111741750293,0.5175,0.07,0.4125,0.8410104011887073
market,Market,3,69,23,146.1975738990659,0.8494035000223094,0.8494035000223094,0.0,0.3349,0.46380911741750297,0.5425,0.08,0.3775,0.8432267884322678
market,Market,3,69,24,157.9032288313438,0.9359618825690942,0.9359618825690942,0.0,0.32162499999999994,0.4702416174175029,0.585,0.085,0.33,0.8580246913580247
market,Market,3,69,25,167.68340466279255,1.0326772658581238,1.0326772658581238,0.0,0.30589999999999995,0.47635961741750293,0.63,0.0725,0.2975,0.8524096385542169
policy_conversion,Policy: conversion subsidy,3,69,0,165.3778163604014,-1.8138875599053732,-1.8138875599053732,0.0,0.0,0.3445371174175029,1.0,0.0,0.0,1.0
policy_conversion,Policy: conversion subsidy,3,69,1,93.86793934822754,0.6867849666879002,1.1054516333545668,0.4186666666666667,0.039975,0.34533661741750293,0.075,0.3925,0.5325,1.0
policy_conversion,Policy: conversion subsidy,3,69,2,93.91671934822755,0.6887389666879004,1.107405633354567,0.4186666666666667,0.07995,0.3469356174175029,0.075,0.3925,0.5325,1.0
policy_conversion,Policy: conversion subsidy,3,69,3,94.01427934822755,0.6926469666879,1.1113136333545668,0.4186666666666667,0.119925,0.3493341174175029,0.075,0.3925,0.5325,1.0
policy_conversion,Policy: conversion subsidy,3,69,4,92.13342863342046,0.8538679884199178,0.8565346550865844,0.0026666666666666666,0.14605,0.352255117417503,0.2875,0.075,0.6375,0.9567809239940388
policy_conversion,Policy: conversion subsidy,3,69,5,80.79431400079234,0.7547211637554577,0.9840544970887912,0.22933333333333336,0.18814999999999998,0.35601811741750294,0.085,0.285,0.63,0.996031746031746
policy_conversion,Policy: conversion subsidy,3,69,6,82.75010388321438,0.7523867117246179,0.9950533783912846,0.2426666666666667,0.22935,0.3606051174175029,0.0925,0.2875,0.62,0.9899193548387096
policy_conversion,Policy: conversion subsidy,3,69,7,82.4287153417309,0.7482252944978182,1.0175586278311515,0.26933333333333337,0.271475,0.3660346174175029,0.08,0.3025,0.6175,0.9959100204498977
policy_conversion,Policy: conversion subsidy,3,69,8,97.68787472550473,0.850662852726463,0.914662852726463,0.064,0.296025,0.3719551174175029,0.295,0.1,0.605,0.9656786271450858
policy_conversion,Policy: conversion subsidy,3,69,9,87.5048821886181,0.7527344964312576,1.0487344964312577,0.29600000000000004,0.336325,0.37868161741750295,0.0925,0.3175,0.59,0.9873150105708245
policy_conversion,Policy: conversion subsidy,3,69,10,90.25289083946832,0.7600924025459992,1.0587590692126658,0.2986666666666667,0.3752500000000001,0.38618661741750293,0.105,0.3175,0.5775,0.9744136460554371
policy_conversion,Policy: conversion subsidy,3,69,11,92.56547775058148,0.7561679966439903,1.0895013299773237,0.3333333333333333,0.41477500000000006,0.39448211741750294,0.09,0.3525,0.5575,0.970917225950783
policy_conversion,Policy: conversion subsidy,3,69,12,109.16678099786098,0.8750268783230883,1.0030268783230882,0.128,0.4369000000000001,0.40322011741750297,0.3,0.1625,0.5375,0.9825479930191972
policy_conversion,Policy: conversion subsidy,3,69,13,102.73425999158817,0.7906082217102733,1.1399415550436065,0.34933333333333333,0.47272500000000006,0.41267461741750294,0.1175,0.375,0.5075,0.9644549763033176
policy_conversion,Policy: conversion subsidy,3,69,14,109.01111161328156,0.8180910771813382,1.1780910771813387,0.36000000000000004,0.5062500000000001,0.422799617417503,0.135,0.3875,0.4775,0.9697732997481109
policy_conversion,Policy: conversion subsidy,3,69,15,113.22049204049549,0.8367770691572669,1.2447770691572668,0.408,0.5399500000000002,0.43359861741750294,0.1225,0.4275,0.45,0.9699453551912568
policy_conversion,Policy: conversion subsidy,3,69,16,131.39171437640536,0.9914637395043215,1.2181304061709881,0.2266666666666667,0.5566250000000003,0.4447311174175029,0.325,0.2525,0.4225,0.9775967413441955
policy_conversion,Policy: conversion subsidy,3,69,17,125.69855949579684,0.9219135904550314,1.3832469237883653,0.46133333333333326,0.57855,0.45630211741750293,0.15,0.4575,0.3925,0.9315476190476191
policy_conversion,Policy: conversion subsidy,3,69,18,129.27794851378158,0.9785768312154894,1.4719101645488228,0.49333333333333335,0.5854250000000001,0.4680106174175029,0.145,0.4775,0.3775,0.9522292993630573
policy_conversion,Policy: conversion subsidy,3,69,19,137.26865438454772,1.0353930701685878,1.5687264035019217,0.5333333333333333,0.5930750000000001,0.4798721174175029,0.15,0.5125,0.3375,0.916955017301038
policy_conversion,Policy: conversion subsidy,3,69,20,156.5153248352447,1.2392878916238455,1.6072878916238456,0.3680000000000001,0.5866,0.49160411741750293,0.335,0.36,0.305,0.9485861182519281
policy_conversion,Policy: conversion subsidy,3,69,21,154.88650275889188,1.2336424301668074,1.793642430166808,0.56,0.5930000000000001,0.503464117417503,0.19,0.5425,0.2675,0.9045643153526971
policy_conversion,Policy: conversion subsidy,3,69,22,165.74706388141337,1.3417158570624863,1.9337158570624866,0.5920000000000001,0.5984750000000001,0.5154336174175029,0.21,0.5675,0.2225,0.8617511520737328
policy_conversion,Policy: conversion subsidy,3,69,23,176.87031326693074,1.4782350264392212,2.0995683597725545,0.6213333333333335,0.60425,0.5275186174175029,0.22,0.605,0.175,0.8793103448275862
policy_conversion,Policy: conversion subsidy,3,69,24,198.21605587877738,1.728162439533462,2.216162439533462,0.4880000000000001,0.5971750000000001,0.5394621174175029,0.385,0.485,0.13,0.9465648854961832
policy_conversion,Policy: conversion subsidy,3,69,25,200.0839250610205,1.810777822765748,2.458777822765748,0.648,0.599325,0.5514486174175031,0.275,0.63,0.095,0.9103448275862069
policy_results,Policy: results subsidy,3,69,0,165.3778163604014,-1.8138875599053732,-1.8138875599053732,0.0,0.0,0.3445371174175029,1.0,0.0,0.0,1.0
policy_results,Policy: results subsidy,3,69,1,88.10925812725226,0.8462677986393937,0.8906677986393934,0.0444,0.02825,0.3451021174175029,0.2675,0.0775,0.655,0.9597615499254843
policy_results,Policy: results subsidy,3,69,2,87.99759812725227,0.8415997986393935,0.9303997986393938,0.0888,0.0565,0.34623211741750287,0.2675,0.0775,0.655,0.9597615499254843
policy_results,Policy: results subsidy,3,69,3,88.56652985668694,0.8325164133576772,0.9655564133576771,0.13304000000000002,0.0846,0.34792411741750284,0.2675,0.0825,0.65,0.9624624624624625
policy_results,Policy: results subsidy,3,69,4,89.40269548452999,0.8197141933060915,0.9964608599727585,0.1767466666666667,0.112475,0.35017361741750286,0.2675,0.09,0.6425,0.9651515151515152
policy_results,Policy: results subsidy,3,69,5,90.99679587238623,0.8044474625870629,1.0233541292537296,0.21890666666666672,0.13945,0.35296261741750284,0.275,0.0925,0.6325,0.9620060790273556
policy_results,Policy: results subsidy,3,69,6,90.1227097121117,0.7856171774395724,1.0458838441062388,0.2602666666666667,0.167025,0.3563031174175029,0.2675,0.1,0.6325,0.9569230769230769
policy_results,Policy: results subsidy,3,69,7,90.88701649660214,0.764678171319649,1.0650515046529825,0.30037333333333327,0.19417499999999996,0.36018661741750285,0.27,0.105,0.625,0.951937984496124
policy_results,Policy: results subsidy,3,69,8,91.36628731962578,0.7423804365230944,1.081793769856428,0.3394133333333334,0.2213,0.3646126174175029,0.2675,0.115,0.6175,0.9416403785488959
policy_results,Policy: results subsidy,3,69,9,90.97620899175168,0.7204503689529597,1.097517035619626,0.37706666666666666,0.24822499999999997,0.3695771174175029,0.27,0.1125,0.6175,0.9256329113924051
policy_results,Policy: results subsidy,3,69,10,94.1448074123379,0.7012389308883056,1.1126789308883056,0.41144000000000014,0.27237500000000003,0.3750246174175029,0.3,0.095,0.605,0.8964451313755796
policy_results,Policy: results subsidy,3,69,11,94.67022035205099,0.6813443816823525,1.1248643816823525,0.44352,0.29512500000000014,0.3809271174175029,0.3175,0.0775,0.605,0.879284649776453
policy_results,Policy: results subsidy,3,69,12,96.81777648114006,0.6632308065738536,1.1367774732405205,0.4735466666666669,0.3165000000000001,0.3872571174175029,0.33,0.0775,0.5925,0.8708708708708709
policy_results,Policy: results subsidy,3,69,13,96.28238213389925,0.6460930301184248,1.1480663634517583,0.5019733333333335,0.3380750000000002,0.39401861741750294,0.3275,0.08,0.5925,0.8719879518072289
policy_results,Policy: results subsidy,3,69,14,98.01970457207315,0.6320930859657918,1.1603597526324585,0.5282666666666668,0.35770000000000024,0.4011726174175028,0.35,0.0625,0.5875,0.8579795021961932
policy_results,Policy: results subsidy,3,69,15,104.24374380425691,0.6279790068769984,1.1786456735436657,0.5506666666666669,0.3745500000000002,0.4086636174175029,0.3725,0.0725,0.555,0.8577844311377245
policy_results,Policy: results subsidy,3,69,16,103.8492466793767,0.6313837098733636,1.2026370432066973,0.5712533333333335,0.39167500000000016,0.41649711741750295,0.37,0.0725,0.5575,0.8505231689088192
policy_results,Policy: results subsidy,3,69,17,108.29280868487764,0.644397982182325,1.225064648848992,0.5806666666666669,0.39865,0.4244701174175029,0.39,0.0725,0.5375,0.8488023952095808
policy_results,Policy: results subsidy,3,69,18,110.4509118160775,0.6667874703814597,1.23758747038146,0.5708000000000002,0.3888,0.43224611741750296,0.4125,0.0525,0.535,0.8511560693641619
policy_results,Policy: results subsidy,3,69,19,115.20483979527991,0.6990932595839765,1.2583732595839767,0.55928,0.378675,0.439819617417503,0.435,0.0475,0.5175,0.8542568542568543
policy_results,Policy: results subsidy,3,69,20,123.30948445564181,0.7431417787506277,1.2886884454172942,0.5455466666666667,0.366925,0.4471581174175029,0.465,0.0525,0.4825,0.863768115942029
policy_results,Policy: results subsidy,3,69,21,130.99842250565985,0.793332498455959,1.325225831789292,0.5318933333333333,0.35730000000000006,0.45430411741750293,0.4925,0.0575,0.45,0.8523391812865497
policy_results,Policy: results subsidy,3,69,22,136.17896609623938,0.8561072933408502,1.3731206266741833,0.5170133333333334,0.347575,0.4612556174175029,0.51,0.0575,0.4325,0.8406432748538012
policy_results,Policy: results subsidy,3,69,23,147.72021683216326,0.9347408326130681,1.4351141659464015,0.5003733333333333,0.33699999999999997,0.46799561741750295,0.525,0.1,0.375,0.8665620094191523
policy_results,Policy: results subsidy,3,69,24,160.25697811412505,1.0240405657100262,1.5055605657100264,0.48152,0.323775,0.4744711174175029,0.575,0.1,0.325,0.8675078864353313
policy_results,Policy: results subsidy,3,69,25,169.73994290913762,1.1225483832182208,1.5834550498848878,0.4609066666666666,0.30879999999999996,0.480647117417503,0.615,0.0925,0.2925,0.8792569659442725
market,Market,4,70,0,268.29640551503223,2.4561381024234237,2.4561381024234237,0.0,0.0,0.5589508448229838,1.0,0.0,0.0,1.0
market,Market,4,70,1,240.2356648166431,3.016330814384584,3.016330814384584,0.0,-0.026700000000000005,0.5584168448229838,0.78,0.03,0.19,0.9571230982019364
market,Market,4,70,2,239.8677448166431,3.000994814384585,3.000994814384585,0.0,-0.05340000000000001,0.5573488448229839,0.78,0.03,0.19,0.9571230982019364
market,Market,4,70,3,238.61532741861748,2.9703638999725834,2.9703638999725834,0.0,-0.079825,0.5557523448229839,0.7775,0.03,0.1925,0.9571230982019364
market,Market,4,70,4,236.83751563292267,2.9245108933830153,2.9245108933830153,0.0,-0.10577500000000002,0.5536368448229838,0.7725,0.0325,0.195,0.9541666666666667
market,Market,4,70,5,234.1960455180426,2.8639610149794446,2.8639610149794446,0.0,-0.130975,0.5510173448229838,0.765,0.035,0.2,0.9511854951185496
market,Market,4,70,6,233.19480006541625,2.7894380549172264,2.7894380549172264,0.0,-0.15685,0.5478803448229838,0.7725,0.03,0.1975,0.9432918395573997
market,Market,4,70,7,230.52461021118992,2.7018276572559135,2.7018276572559135,0.0,-0.18192500000000003,0.5442418448229839,0.7625,0.04,0.1975,0.9396067415730337
market,Market,4,70,8,227.70053385625624,2.6021394724466353,2.6021394724466353,0.0,-0.20639999999999997,0.5401138448229839,0.755,0.0475,0.1975,0.9330484330484331
market,Market,4,70,9,224.19415280669688,2.4906792676120575,2.4906792676120575,0.0,-0.22967500000000005,0.5355203448229838,0.74,0.0625,0.1975,0.9166666666666666
market,Market,4,70,10,219.0908454926533,2.3690981108140288,2.3690981108140288,0.0,-0.25079999999999997,0.5305043448229837,0.715,0.0825,0.2025,0.9045454545454545
market,Market,4,70,11,214.38169509726967,2.2393276780746287,2.2393276780746287,0.0,-0.2710999999999999,0.5250823448229838,0.7075,0.0825,0.21,0.8744326777609682
market,Market,4,70,12,211.89486279897008,2.102865201081582,2.102865201081582,0.0,-0.2915499999999999,0.5192513448229837,0.7075,0.0875,0.205,0.8689024390243902
market,Market,4,70,13,205.5926364458058,1.9597084277871029,1.9597084277871029,0.0,-0.30937499999999996,0.5130638448229837,0.6775,0.11,0.2125,0.8553259141494436
market,Market,4,70,14,199.70720932428665,1.8139237967527655,1.8139237967527655,0.0,-0.32484999999999997,0.5065668448229838,0.65,0.1325,0.2175,0.8322368421052632
market,Market,4,70,15,190.95812541419338,1.6704183795615652,1.6704183795615652,0.0,-0.3362,0.4998428448229838,0.605,0.16,0.235,0.8225255972696246
market,Market,4,70,16,183.27373456243882,1.5299214113488033,1.5299214113488033,0.0,-0.3443,0.4929568448229837,0.57,0.18,0.25,0.8218694885361552
market,Market,4,70,17,174.2149768061739,1.3964558357980283,1.3964558357980283,0.0,-0.34992500000000004,0.4859583448229838,0.53,0.1975,0.2725,0.8305709023941068
market,Market,4,70,18,161.93404952272425,1.2735072371793423,1.2735072371793423,0.0,-0.35265,0.4789053448229838,0.48,0.205,0.315,0.8286252354048964
market,Market,4,70,19,157.04620912241793,1.1610359958874137,1.1610359958874137,0.0,-0.35382500000000006,0.47182884482298376,0.475,0.1975,0.3275,0.8240740740740741
market,Market,4,70,20,152.63596172147433,1.0542030178257622,1.0542030178257622,0.0,-0.35324999999999995,0.4647638448229837,0.4625,0.2025,0.335,0.8358490566037736
market,Market,4,70,21,143.07760229229635,0.9560545987680733,0.9560545987680733,0.0,-0.33640000000000003,0.45803584482298376,0.4225,0.21,0.3675,0.8500948766603416
market,Market,4,70,22,132.89658147873303,0.8747607186970652,0.8747607186970652,0.0,-0.318375,0.4516683448229837,0.4175,0.1625,0.42,0.8548672566371681
market,Market,4,70,23,120.54965680932742,0.8143221495969434,0.8143221495969434,0.0,-0.297475,0.44571884482298374,0.3925,0.125,0.4825,0.8679867986798679
market,Market,4,70,24,110.99746986508586,0.7695772242968469,0.7695772242968469,0.0,-0.27440000000000003,0.44023084482298375,0.375,0.0925,0.5325,0.8833592534992224
market,Market,4,70,25,105.98178551705658,0.734486280388927,0.734486280388927,0.0,-0.250175,0.43522734482298375,0.36,0.085,0.555,0.8730886850152905
policy_conversion,Policy: conversion subsidy,4,70,0,268.29640551503223,2.4561381024234237,2.4561381024234237,0.0,0.0,0.5589508448229838,1.0,0.0,0.0,1.0
policy_conversion,Policy: conversion subsidy,4,70,1,214.0989887871027,2.703182985691275,3.3271829856912745,0.6240000000000001,0.011925000000000002,0.5591893448229839,0.2775,0.585,0.1375,1.0
policy_conversion,Policy: conversion subsidy,4,70,2,214.0921487871027,2.7027809856912746,3.326780985691275,0.6240000000000001,0.023850000000000003,0.5596663448229839,0.2775,0.585,0.1375,1.0
policy_conversion,Policy: conversion subsidy,4,70,3,214.117230424958,2.7020126557373407,3.326012655737341,0.6240000000000001,0.035774999999999994,0.5603818448229838,0.2775,0.585,0.1375,1.0
policy_conversion,Policy: conversion subsidy,4,70,4,239.21189506907194,3.004951483698093,3.0209514836980924,0.016,0.010275,0.5605873448229839,0.765,0.045,0.19,0.9557142857142857
policy_conversion,Policy: conversion subsidy,4,70,5,205.24505412897892,2.7015944543715653,3.2535944543715654,0.552,0.024774999999999995,0.5610828448229838,0.265,0.545,0.19,0.9965034965034965
policy_conversion,Policy: conversion subsidy,4,70,6,203.86350761203718,2.670874211088075,3.241540877754742,0.5706666666666668,0.040275,0.5618883448229839,0.2525,0.5575,0.19,0.9963768115942029
policy_conversion,Policy: conversion subsidy,4,70,7,205.13310259684266,2.6746386156730133,3.2319719490063465,0.5573333333333335,0.05449999999999997,0.5629783448229838,0.2675,0.545,0.1875,0.9930313588850174
policy_conversion,Policy: conversion subsidy,4,70,8,238.27608115516745,2.929652371940547,2.990985705273881,0.06133333333333334,0.03042500000000002,0.5635868448229838,0.7425,0.08,0.1775,0.9525993883792049
policy_conversion,Policy: conversion subsidy,4,70,9,206.97566707484035,2.618508978456091,3.2025089784560907,0.584,0.044250000000000025,0.5644718448229838,0.265,0.5675,0.1675,0.9738805970149254
policy_conversion,Policy: conversion subsidy,4,70,10,204.13557094354732,2.550013658437232,3.1900136584372323,0.64,0.061650000000000024,0.5657048448229838,0.2175,0.6225,0.16,0.9956140350877193
policy_conversion,Policy: conversion subsidy,4,70,11,205.8440483667506,2.5359693120387052,3.1786359787053726,0.6426666666666666,0.07795000000000003,0.5672638448229839,0.2275,0.6225,0.15,0.9688888888888889
policy_conversion,Policy: conversion subsidy,4,70,12,240.0842325157335,2.8194680886481347,2.9661347553148016,0.14666666666666667,0.055675000000000044,0.5683773448229839,0.705,0.1575,0.1375,0.9663120567375887
policy_conversion,Policy: conversion subsidy,4,70,13,212.88588940753266,2.524587648361881,3.1512543150285475,0.6266666666666667,0.06760000000000005,0.5697293448229839,0.27,0.6125,0.1175,0.963963963963964
policy_conversion,Policy: conversion subsidy,4,70,14,210.5165642481637,2.4627124108435696,3.156045744176903,0.6933333333333332,0.08322500000000002,0.5713938448229838,0.22,0.6725,0.1075,0.9662921348314607
policy_conversion,Policy: conversion subsidy,4,70,15,211.5664333682859,2.4453809444123396,3.154714277745673,0.7093333333333334,0.09822500000000006,0.5733583448229838,0.225,0.675,0.1,0.9404761904761905
policy_conversion,Policy: conversion subsidy,4,70,16,244.5681306764938,2.739545102092203,2.9902117687588694,0.2506666666666667,0.07737500000000004,0.5749058448229838,0.6675,0.2475,0.085,0.9791666666666666
policy_conversion,Policy: conversion subsidy,4,70,17,218.61580128956922,2.453273641673391,3.1519403083400577,0.6986666666666667,0.08667500000000004,0.5766393448229838,0.2675,0.6625,0.07,0.934640522875817
policy_conversion,Policy: conversion subsidy,4,70,18,216.20620777156805,2.4077349448656076,3.1810682781989414,0.7733333333333335,0.09842500000000001,0.5786078448229839,0.2025,0.74,0.0575,0.9722222222222222
policy_conversion,Policy: conversion subsidy,4,70,19,219.75641869986586,2.417969814760836,3.1859698147608366,0.7680000000000001,0.10890000000000004,0.5807858448229838,0.2225,0.735,0.0425,0.8969072164948454
policy_conversion,Policy: conversion subsidy,4,70,20,249.93983188985848,2.728450372830216,3.0777837061635496,0.3493333333333334,0.08742500000000004,0.5825343448229838,0.625,0.34,0.035,0.9947916666666666
policy_conversion,Policy: conversion subsidy,4,70,21,225.74558424147926,2.470359476919627,3.211692810252961,0.7413333333333335,0.09737500000000007,0.5844818448229838,0.27,0.7025,0.0275,0.9393939393939394
policy_conversion,Policy: conversion subsidy,4,70,22,224.3794893592974,2.4618809981784793,3.2618809981784795,0.8,0.11044999999999998,0.5866908448229838,0.2225,0.7575,0.02,0.9848484848484849
policy_conversion,Policy: conversion subsidy,4,70,23,226.22796487102295,2.4905432467200055,3.287876580053339,0.7973333333333333,0.12185000000000004,0.589127844822984,0.2325,0.7525,0.015,1.0
policy_conversion,Policy: conversion subsidy,4,70,24,252.19618347540552,2.791504448561433,3.2315044485614326,0.44000000000000006,0.10565000000000005,0.5912408448229839,0.5675,0.4225,0.01,1.0
policy_conversion,Policy: conversion subsidy,4,70,25,232.77965223877558,2.596824799466892,3.3328247994668923,0.736,0.11125000000000007,0.5934658448229838,0.295,0.695,0.01,0.9789473684210527
policy_results,Policy: results subsidy,4,70,0,268.29640551503223,2.4561381024234237,2.4561381024234237,0.0,0.0,0.5589508448229838,1.0,0.0,0.0,1.0
policy_results,Policy: results subsidy,4,70,1,239.17884009177135,3.01611017128095,3.029550171280951,0.01344,-0.026150000000000003,0.5584278448229838,0.775,0.03,0.195,0.9557399723374828
policy_results,Policy: results subsidy,4,70,2,238.81332009177135,3.000874171280951,3.0277541712809497,0.02688,-0.052300000000000006,0.5573818448229839,0.775,0.03,0.195,0.9557399723374828
policy_results,Policy: results subsidy,4,70,3,238.46911806715028,2.9705661732875273,3.0108061732875266,0.040240000000000005,-0.078525,0.5558113448229838,0.775,0.0325,0.1925,0.9569444444444445
policy_results,Policy: results subsidy,4,70,4,237.37767303094827,2.9254418077950164,2.978748474461682,0.053306666666666676,-0.10475000000000001,0.5537163448229838,0.775,0.0325,0.1925,0.9541666666666667
policy_results,Policy: results subsidy,4,70,5,234.59996519107622,2.865234785600698,2.931608118934031,0.06637333333333335,-0.130025,0.5511158448229838,0.765,0.0375,0.1975,0.9524475524475524
policy_results,Policy: results subsidy,4,70,6,231.24928121547097,2.790724603265565,2.8702446032655646,0.07952000000000001,-0.15447499999999997,0.5480263448229838,0.7575,0.0375,0.205,0.9482517482517483
policy_results,Policy: results subsidy,4,70,7,229.1251111759112,2.7038497386081968,2.7956897386081967,0.09183999999999999,-0.17840000000000003,0.5444583448229838,0.75,0.0475,0.2025,0.948936170212766
policy_results,Policy: results subsidy,4,70,8,226.70042714848455,2.605454417143645,2.708734417143645,0.10328000000000002,-0.20179999999999995,0.5404223448229838,0.7425,0.0575,0.2,0.9422799422799423
policy_results,Policy: results subsidy,4,70,9,222.84093270218574,2.495674420371416,2.6095410870380826,0.11386666666666669,-0.223925,0.5359438448229839,0.7275,0.07,0.2025,0.9262536873156342
policy_results,Policy: results subsidy,4,70,10,218.5704768969467,2.376656117383823,2.500389450717157,0.12373333333333335,-0.24457499999999996,0.5310523448229838,0.71,0.085,0.205,0.9066265060240963
policy_results,Policy: results subsidy,4,70,11,213.25484920871384,2.248819538822009,2.3819662054886757,0.13314666666666666,-0.2633999999999999,0.5257843448229838,0.69,0.0975,0.2125,0.8964451313755796
policy_results,Policy: results subsidy,4,70,12,210.8940108317458,2.1154441018006067,2.2564041018006065,0.14096000000000003,-0.28289999999999993,0.5201263448229838,0.6975,0.0925,0.21,0.8773006134969326
policy_results,Policy: results subsidy,4,70,13,204.20430764187472,1.9762568863825218,2.1233235530491883,0.14706666666666673,-0.300025,0.5141258448229837,0.6725,0.105,0.2225,0.8510971786833855
policy_results,Policy: results subsidy,4,70,14,198.09906373642426,1.8344356815293303,1.9865956815293302,0.1521600000000001,-0.313875,0.5078483448229837,0.6325,0.1425,0.225,0.8420168067226891
policy_results,Policy: results subsidy,4,70,15,191.45584506207348,1.6960433234736374,1.8510033234736374,0.15496000000000007,-0.32502499999999995,0.5013478448229838,0.6025,0.1625,0.235,0.8272884283246977
policy_results,Policy: results subsidy,4,70,16,183.4841918862233,1.5597476369094914,1.7170276369094917,0.15728000000000006,-0.33285000000000003,0.4946908448229837,0.5675,0.18,0.2525,0.8241563055062167
policy_results,Policy: results subsidy,4,70,17,174.54825222606712,1.430287581476036,1.5876475814760362,0.15736000000000006,-0.33772500000000005,0.4879363448229837,0.52,0.2075,0.2725,0.84
policy_results,Policy: results subsidy,4,70,18,165.3518003931894,1.3120759803564412,1.4655693136897745,0.15349333333333334,-0.3417,0.48110234482298375,0.49,0.2075,0.3025,0.844106463878327
policy_results,Policy: results subsidy,4,70,19,158.95314469037888,1.2033062447953002,1.352852911461967,0.1495466666666667,-0.34337500000000004,0.4742348448229838,0.4775,0.2,0.3225,0.8438661710037175
policy_results,Policy: results subsidy,4,70,20,154.75961518946974,1.0999754111325624,1.2453887444658962,0.14541333333333337,-0.3434999999999999,0.46736484482298374,0.4675,0.2025,0.33,0.8461538461538461
policy_results,Policy: results subsidy,4,70,21,146.36179874438363,1.0050455099894442,1.1472588433227773,0.14221333333333333,-0.327975,0.46080534482298374,0.4325,0.21,0.3575,0.8612167300380228
policy_results,Policy: results subsidy,4,70,22,133.14780161765003,0.9261588591417664,1.0646388591417666,0.13848000000000002,-0.31,0.45460534482298376,0.42,0.1525,0.4275,0.8623693379790941
policy_results,Policy: results subsidy,4,70,23,124.37835860443404,0.8693390774861981,1.0036324108195314,0.13429333333333335,-0.290875,0.44878784482298373,0.41,0.1175,0.4725,0.8784893267651889
policy_results,Policy: results subsidy,4,70,24,115.41677172305697,0.8271621953322333,0.9576155286655665,0.1304533333333333,-0.269775,0.4433923448229837,0.395,0.085,0.52,0.8948995363214838
policy_results,Policy: results subsidy,4,70,25,109.2761579346695,0.7937498184563639,0.9220164851230306,0.12826666666666667,-0.24692499999999998,0.43845384482298383,0.3725,0.08,0.5475,0.8943338437978561
market,Market,5,71,0,191.568410416329,-0.6486812337307264,-0.6486812337307264,0.0,0.0,0.3991008550340187,1.0,0.0,0.0,1.0
market,Market,5,71,1,108.82749614090173,1.3383019517024672,1.3383019517024672,0.0,0.02027500000000001,0.3995063550340187,0.355,0.0225,0.6225,0.9346938775510204
market,Market,5,71,2,108.66893000680912,1.3315000467690887,1.3315000467690887,0.0,0.04055,0.4003173550340188,0.355,0.0225,0.6225,0.9346938775510204
market,Market,5,71,3,108.34049000680913,1.3178060467690884,1.3178060467690884,0.0,0.060824999999999976,0.4015338550340187,0.355,0.0225,0.6225,0.9346938775510204
market,Market,5,71,4,108.3776195069106,1.297671010948546,1.297671010948546,0.0,0.08082500000000004,0.40315035503401875,0.3575,0.0225,0.62,0.9319727891156463
market,Market,5,71,5,108.27586716246391,1.2717152621755394,1.2717152621755394,0.0,0.10054999999999997,0.4051613550340187,0.36,0.0225,0.6175,0.9292517006802721
market,Market,5,71,6,107.51861952531034,1.2403208066094409,1.2403208066094409,0.0,0.12027499999999999,0.4075668550340187,0.36,0.0225,0.6175,0.927891156462585
market,Market,5,71,7,107.63260599360183,1.2037598222057904,1.2037598222057904,0.0,0.13997499999999996,0.41036635503401875,0.3575,0.0325,0.61,0.9224376731301939
market,Market,5,71,8,111.00134307706922,1.1634536374041669,1.1634536374041669,0.0,0.1576,0.41351835503401874,0.375,0.0375,0.5875,0.9011142061281338
market,Market,5,71,9,112.7579363504823,1.1205597957073168,1.1205597957073168,0.0,0.17397500000000005,0.4169978550340187,0.385,0.0425,0.5725,0.8948106591865358
market,Market,5,71,10,113.12729779740975,1.0768306798077403,1.0768306798077403,0.0,0.18972500000000003,0.4207923550340187,0.39,0.045,0.565,0.8555240793201133
market,Market,5,71,11,114.95852123020039,1.0316735350018122,1.0316735350018122,0.0,0.2040250000000001,0.4248728550340187,0.4025,0.0475,0.55,0.8445078459343794
market,Market,5,71,12,119.46496455086145,0.9901408330796078,0.9901408330796078,0.0,0.21602500000000013,0.4291933550340187,0.42,0.06,0.52,0.8123167155425219
market,Market,5,71,13,123.3222589491048,0.9565361930791065,0.9565361930791065,0.0,0.22555000000000014,0.43370435503401866,0.4425,0.06,0.4975,0.7927007299270074
market,Market,5,71,14,129.79551300358614,0.9303636785153355,0.9303636785153355,0.0,0.23142500000000013,0.43833285503401875,0.475,0.0625,0.4625,0.7997076023391813
market,Market,5,71,15,133.1751167992301,0.912771950250261,0.912771950250261,0.0,0.23517500000000016,0.4430363550340187,0.495,0.06,0.445,0.7865497076023392
market,Market,5,71,16,137.27423122188546,0.9073605486508354,0.9073605486508354,0.0,0.23705000000000012,0.4477773550340187,0.51,0.0675,0.4225,0.7917282127031019
market,Market,5,71,17,142.90110769063844,0.9079550350819142,0.9079550350819142,0.0,0.23085000000000006,0.4523943550340187,0.535,0.07,0.395,0.8008915304606241
market,Market,5,71,18,145.93985004437042,0.9153247487295813,0.9153247487295813,0.0,0.2139,0.4566723550340187,0.5575,0.0575,0.385,0.8038067349926794
market,Market,5,71,19,149.1124520255684,0.9326143925551683,0.9326143925551683,0.0,0.196275,0.4605978550340187,0.58,0.045,0.375,0.8085714285714286
market,Market,5,71,20,151.83425727836658,0.958376585807936,0.958376585807936,0.0,0.179,0.46417785503401876,0.59,0.045,0.365,0.8183118741058655
market,Market,5,71,21,153.1302155588982,0.9907508264131109,0.9907508264131109,0.0,0.16895000000000007,0.4675568550340187,0.5925,0.045,0.3625,0.8231098430813124
market,Market,5,71,22,160.6064167813272,1.0338986643241725,1.0338986643241725,0.0,0.157875,0.4707143550340187,0.6125,0.06,0.3275,0.8252569750367107
market,Market,5,71,23,164.88502662659732,1.0860073604913554,1.0860073604913554,0.0,0.146675,0.4736478550340187,0.625,0.0625,0.3125,0.8250728862973761
market,Market,5,71,24,169.48654971237517,1.1463595773510735,1.1463595773510735,0.0,0.13482500000000003,0.47634435503401873,0.64,0.0625,0.2975,0.8411078717201166
market,Market,5,71,25,176.96683720607197,1.2142095647023694,1.2142095647023694,0.0,0.12132499999999999,0.4787708550340187,0.67,0.06,0.27,0.8453757225433526
policy_conversion,Policy: conversion subsidy,5,71,0,191.568410416329,-0.6486812337307264,-0.6486812337307264,0.0,0.0,0.3991008550340187,1.0,0.0,0.0,1.0
policy_conversion,Policy: conversion subsidy,5,71,1,113.36693730414136,1.1505091396414562,1.5291758063081224,0.37866666666666665,0.033125,0.3997633550340187,0.1475,0.355,0.4975,1.0
policy_conversion,Policy: conversion subsidy,5,71,2,113.18042089730899,1.1480226452731384,1.5293559786064717,0.3813333333333333,0.06645,0.40109235503401874,0.145,0.3575,0.4975,1.0
policy_conversion,Policy: conversion subsidy,5,71,3,113.02427254674791,1.1458030365656373,1.5298030365656377,0.384,0.09997499999999998,0.4030918550340188,0.1425,0.36,0.4975,1.0
policy_conversion,Policy: conversion subsidy,5,71,4,108.95960970240195,1.3319373973816644,1.3372707307149978,0.005333333333333333,0.120375,0.40549935503401874,0.3525,0.0275,0.62,0.9339752407152683
policy_conversion,Policy: conversion subsidy,5,71,5,96.37675689067095,1.204145458233085,1.4361454582330846,0.23200000000000007,0.15722499999999998,0.4086438550340188,0.145,0.24,0.615,0.9905123339658444
policy_conversion,Policy: conversion subsidy,5,71,6,97.1457195995995,1.1926012083962472,1.432601208396247,0.24000000000000002,0.19404999999999997,0.4125248550340187,0.1425,0.25,0.6075,0.9922928709055877
policy_conversion,Policy: conversion subsidy,5,71,7,98.19353373321508,1.1817225708489114,1.429722570848911,0.24800000000000003,0.23045,0.41713385503401873,0.145,0.255,0.6,0.98635477582846
policy_conversion,Policy: conversion subsidy,5,71,8,112.64512339856145,1.2898334480966847,1.3325001147633517,0.04266666666666667,0.250475,0.4221433550340187,0.345,0.0675,0.5875,0.9433681073025335
policy_conversion,Policy: conversion subsidy,5,71,9,101.55384953047411,1.1484838543742002,1.423150521040867,0.27466666666666667,0.28625,0.42786835503401877,0.1425,0.285,0.5725,0.9755600814663951
policy_conversion,Policy: conversion subsidy,5,71,10,105.02735158902057,1.140895205497094,1.428895205497094,0.28800000000000003,0.32062500000000005,0.43428085503401875,0.1525,0.295,0.5525,0.9644351464435147
policy_conversion,Policy: conversion subsidy,5,71,11,110.08111659361005,1.1313233958671935,1.4406567292005268,0.30933333333333335,0.3531000000000002,0.4413428550340187,0.165,0.3125,0.5225,0.9458874458874459
policy_conversion,Policy: conversion subsidy,5,71,12,130.73282319869784,1.257744689880346,1.3884113565470126,0.13066666666666665,0.3675500000000001,0.4486938550340187,0.3725,0.1525,0.475,0.9432624113475178
policy_conversion,Policy: conversion subsidy,5,71,13,127.93303486083285,1.1268355157375383,1.5135021824042048,0.38666666666666666,0.3955250000000002,0.4566043550340187,0.18,0.4075,0.4125,0.9333333333333333
policy_conversion,Policy: conversion subsidy,5,71,14,134.8363395733543,1.1501270124498175,1.5687936791164843,0.4186666666666667,0.42177500000000007,0.4650398550340188,0.1875,0.4375,0.375,0.9258160237388724
policy_conversion,Policy: conversion subsidy,5,71,15,144.05036590488552,1.1859261960746192,1.6232595294079528,0.4373333333333333,0.4446750000000002,0.47393335503401873,0.2125,0.4575,0.33,0.9177631578947368
policy_conversion,Policy: conversion subsidy,5,71,16,162.83265213077772,1.3513379857232548,1.6313379857232553,0.28,0.45185000000000025,0.48297035503401875,0.395,0.3125,0.2925,0.9537712895377128
policy_conversion,Policy: conversion subsidy,5,71,17,156.60846373492808,1.2729636610107051,1.779630327677372,0.5066666666666667,0.4676750000000001,0.4923238550340187,0.21,0.5275,0.2625,0.9372549019607843
policy_conversion,Policy: conversion subsidy,5,71,18,164.5519332004313,1.3116929541092053,1.866359620775872,0.5546666666666666,0.47252500000000003,0.5017743550340187,0.225,0.55,0.225,0.9155555555555556
policy_conversion,Policy: conversion subsidy,5,71,19,169.78214219789032,1.387472547171142,1.9874725471711419,0.6,0.47865,0.5113473550340187,0.2175,0.5825,0.2,0.9054726368159204
policy_conversion,Policy: conversion subsidy,5,71,20,186.53765326980553,1.5928837406346825,2.048883740634682,0.456,0.4722000000000001,0.5207913550340187,0.38,0.445,0.175,0.9477351916376306
policy_conversion,Policy: conversion subsidy,5,71,21,181.26754680073233,1.5624252469485305,2.2237585802818645,0.6613333333333333,0.48112500000000014,0.5304138550340187,0.215,0.6325,0.1525,0.8827160493827161
policy_conversion,Policy: conversion subsidy,5,71,22,192.72901677724485,1.670375833851156,2.33170916718449,0.6613333333333334,0.4882000000000001,0.5401778550340187,0.245,0.6475,0.1075,0.8721804511278195
policy_conversion,Policy: conversion subsidy,5,71,23,203.3127754453723,1.8330206263805666,2.489020626380567,0.656,0.4929500000000001,0.5500368550340188,0.2825,0.6425,0.075,0.890625
policy_conversion,Policy: conversion subsidy,5,71,24,220.4436635834792,2.0880019358956874,2.6133352692290206,0.5253333333333333,0.48572500000000013,0.5597513550340188,0.43,0.52,0.05,0.9669811320754716
policy_conversion,Policy: conversion subsidy,5,71,25,222.71364889106135,2.171393018786638,2.8220596854533047,0.6506666666666667,0.4853750000000001,0.5694588550340187,0.35,0.6275,0.0225,0.9847328244274809
policy_results,Policy: results subsidy,5,71,0,191.568410416329,-0.6486812337307264,-0.6486812337307264,0.0,0.0,0.3991008550340187,1.0,0.0,0.0,1.0
policy_results,Policy: results subsidy,5,71,1,108.31277168791549,1.338292498014073,1.3790124980140726,0.04072,0.020550000000000006,0.39951185503401865,0.3525,0.0225,0.625,0.9346938775510204
policy_results,Policy: results subsidy,5,71,2,108.14843168791548,1.3314404980140728,1.4128804980140726,0.08144,0.04110000000000001,0.40033385503401875,0.3525,0.0225,0.625,0.9346938775510204
policy_results,Policy: results subsidy,5,71,3,107.81975168791548,1.3177364980140724,1.4398964980140727,0.12215999999999999,0.061649999999999976,0.40156685503401873,0.3525,0.0225,0.625,0.9346938775510204
policy_results,Policy: results subsidy,5,71,4,107.35790484336697,1.2980730783640768,1.4603664116974102,0.16229333333333334,0.08220000000000002,0.40321085503401877,0.3525,0.0225,0.625,0.9346938775510204
policy_results,Policy: results subsidy,5,71,5,107.14081978700759,1.2723778520419897,1.4741378520419899,0.20176000000000005,0.10267499999999999,0.4052643550340187,0.3525,0.025,0.6225,0.93296853625171
policy_results,Policy: results subsidy,5,71,6,106.39831041333272,1.241717632869233,1.4822242995358998,0.24050666666666667,0.12315,0.4077273550340187,0.3525,0.025,0.6225,0.9302325581395349
policy_results,Policy: results subsidy,5,71,7,107.4382292522726,1.2062874646201565,1.4846874646201564,0.27840000000000004,0.14325,0.4105923550340188,0.3525,0.0375,0.61,0.9315642458100558
policy_results,Policy: results subsidy,5,71,8,108.52635227476792,1.1671001002789054,1.4820067669455725,0.31490666666666667,0.16225,0.41383735503401864,0.3625,0.0375,0.6,0.9191073919107392
policy_results,Policy: results subsidy,5,71,9,109.67271002611683,1.1260607129543323,1.4755807129543321,0.34952000000000005,0.180475,0.4174468550340187,0.3675,0.045,0.5875,0.898876404494382
policy_results,Policy: results subsidy,5,71,10,109.93084327847029,1.0838953020337125,1.4665619687003792,0.38266666666666677,0.19880000000000003,0.42142285503401866,0.3625,0.06,0.5775,0.873015873015873
policy_results,Policy: results subsidy,5,71,11,112.48311794875478,1.0429517963609254,1.4562051296942584,0.41325333333333336,0.2152000000000001,0.4257268550340187,0.38,0.06,0.56,0.8532374100719424
policy_results,Policy: results subsidy,5,71,12,115.41275625625238,1.004775017355059,1.4454150173550588,0.4406400000000001,0.23032500000000009,0.4303333550340187,0.3875,0.075,0.5375,0.8221225710014948
policy_results,Policy: results subsidy,5,71,13,119.24872011347648,0.9778509266726064,1.440197593339273,0.4623466666666668,0.24265000000000017,0.4351863550340187,0.415,0.0675,0.5175,0.7949852507374632
policy_results,Policy: results subsidy,5,71,14,127.86333414823932,0.9592348369110107,1.4385415035776776,0.4793066666666668,0.2504250000000001,0.4401948550340187,0.455,0.0725,0.4725,0.7943368107302533
policy_results,Policy: results subsidy,5,71,15,132.70917900395355,0.9469583333559445,1.4389583333559448,0.49200000000000027,0.2559750000000002,0.44531435503401867,0.4725,0.0825,0.445,0.7929984779299848
policy_results,Policy: results subsidy,5,71,16,138.63138548538382,0.9512704499686774,1.4505771166353443,0.4993066666666668,0.25830000000000014,0.4504803550340187,0.5025,0.08,0.4175,0.794251134644478
policy_results,Policy: results subsidy,5,71,17,144.7581786056595,0.9605199754767612,1.4580133088100948,0.49749333333333345,0.25205000000000005,0.4555213550340187,0.5325,0.0775,0.39,0.8036253776435045
policy_results,Policy: results subsidy,5,71,18,149.15758065641822,0.976018828434214,1.4591121617675475,0.4830933333333334,0.23490000000000003,0.46021935503401873,0.55,0.08,0.37,0.8097412480974124
policy_results,Policy: results subsidy,5,71,19,150.07788700752118,1.0022699430865905,1.468776609753257,0.46650666666666674,0.21772499999999997,0.4645738550340187,0.5675,0.0575,0.375,0.808199121522694
policy_results,Policy: results subsidy,5,71,20,154.56097413736592,1.03867702540197,1.4858503587353031,0.4471733333333333,0.199625,0.4685663550340188,0.5975,0.04,0.3625,0.8139204545454546
policy_results,Policy: results subsidy,5,71,21,156.19652423784498,1.0792918533681675,1.508118520034834,0.4288266666666667,0.1884,0.47233435503401877,0.6025,0.0375,0.36,0.8248587570621468
policy_results,Policy: results subsidy,5,71,22,162.199977863049,1.1294630618389048,1.5392763951722384,0.40981333333333336,0.17679999999999998,0.4758703550340187,0.62,0.045,0.335,0.8333333333333334
policy_results,Policy: results subsidy,5,71,23,167.77827632760216,1.1889607810693008,1.5803474477359678,0.39138666666666666,0.165,0.4791703550340187,0.625,0.065,0.31,0.8446745562130178
policy_results,Policy: results subsidy,5,71,24,173.33854142226812,1.2572327058346706,1.6284593725013372,0.37122666666666665,0.15209999999999999,0.48221235503401877,0.6475,0.06,0.2925,0.8569343065693431
policy_results,Policy: results subsidy,5,71,25,177.11617425391964,1.330100270075892,1.6811669367425586,0.3510666666666666,0.13927499999999998,0.48499785503401877,0.6625,0.0525,0.285,0.8625180897250362
